date,direction,option_type,spot,strike,score,entry_prem,exit_prem,gross_pnl,friction,net_pnl,win,exit_reason,wallet
2024-09-17,BULLISH,CE,5944.365203857422,5950.0,80.0,107.0,133.75,2675.0,120.0,2555.0,True,TARGET_HIT (+25%),102555.0
2024-09-19,BULLISH,CE,6007.824745178223,6000.0,100.0,108.14,135.18,2704.0000000000005,120.0,2584.0,True,TARGET_HIT (+25%),105139.0
2024-09-20,BULLISH,CE,6005.319847106934,6000.0,85.0,108.1,118.91,1081.0000000000002,120.0,961.0,True,TRAILING_SL (+10%),106100.0
2024-09-24,BULLISH,CE,5975.259796142578,6000.0,100.0,107.55,134.44,2689.0,120.0,2569.0,True,TARGET_HIT (+25%),108669.0
2024-10-01,BULLISH,CE,5830.805152893066,5850.0,80.0,104.95,131.19,2623.9999999999995,120.0,2504.0,True,TARGET_HIT (+25%),111173.0
2024-10-03,BULLISH,CE,6154.784923553467,6150.0,100.0,110.79,138.49,2770.0000000000005,120.0,2650.0,True,TARGET_HIT (+25%),113823.0
2024-10-04,BULLISH,CE,6210.7297706604,6200.0,100.0,111.79,139.74,2795.0000000000005,120.0,2675.0,True,TARGET_HIT (+25%),116498.0
2024-10-07,BULLISH,CE,6441.1899490356445,6450.0,100.0,115.94,144.93,2899.000000000001,120.0,2779.0,True,TARGET_HIT (+25%),119277.0
2024-10-08,BULLISH,CE,6143.094974517822,6150.0,85.0,110.58,97.31,-1326.9999999999995,120.0,-1447.0,False,STOP_LOSS (-12%),117830.0
2024-10-09,BULLISH,CE,6115.539821624756,6100.0,85.0,110.08,96.87,-1320.9999999999993,120.0,-1441.0,False,STOP_LOSS (-12%),116389.0
2024-10-10,BULLISH,CE,6333.474872589111,6350.0,100.0,114.0,142.5,2850.0,120.0,2730.0,True,TARGET_HIT (+25%),119119.0
2024-10-11,BULLISH,CE,6309.259796142578,6300.0,85.0,113.57,124.93,1136.0000000000014,120.0,1016.0,True,TRAILING_SL (+10%),120135.0
2024-10-14,BULLISH,CE,6164.805152893066,6150.0,85.0,110.97,97.65,-1331.9999999999993,120.0,-1452.0,False,STOP_LOSS (-12%),118683.0
2024-11-04,BULLISH,CE,5967.745101928711,5950.0,100.0,107.42,134.28,2686.0,120.0,2566.0,True,TARGET_HIT (+25%),121249.0
2024-11-05,BULLISH,CE,6011.164821624756,6000.0,100.0,108.2,135.25,2704.9999999999995,120.0,2585.0,True,TARGET_HIT (+25%),123834.0
2024-11-06,BULLISH,CE,5986.115203857422,6000.0,85.0,107.75,118.52,1076.9999999999995,120.0,957.0,True,TRAILING_SL (+10%),124791.0
2024-11-07,BULLISH,CE,6042.0600509643555,6050.0,100.0,108.76,135.95,2718.999999999998,120.0,2599.0,True,TARGET_HIT (+25%),127390.0
2024-11-21,BULLISH,CE,5853.349872589111,5850.0,100.0,105.36,131.7,2633.999999999999,120.0,2514.0,True,TARGET_HIT (+25%),129904.0
2024-11-22,BULLISH,CE,5948.539821624756,5950.0,100.0,107.07,133.84,2677.000000000001,120.0,2557.0,True,TARGET_HIT (+25%),132461.0
2024-12-03,BULLISH,CE,5839.990203857422,5850.0,100.0,105.12,131.4,2628.0,120.0,2508.0,True,TARGET_HIT (+25%),134969.0
2024-12-11,BULLISH,CE,5869.215076446533,5850.0,100.0,105.65,132.06,2640.9999999999995,120.0,2521.0,True,TARGET_HIT (+25%),137490.0
2024-12-12,BULLISH,CE,5846.669719696045,5850.0,85.0,105.24,92.61,-1262.9999999999995,120.0,-1383.0,False,STOP_LOSS (-12%),136107.0
2024-12-13,BULLISH,CE,5952.715076446533,5950.0,100.0,107.15,133.94,2678.999999999999,120.0,2559.0,True,TARGET_HIT (+25%),138666.0
2024-12-16,BULLISH,CE,5904.284923553467,5900.0,85.0,106.28,93.53,-1275.0,120.0,-1395.0,False,STOP_LOSS (-12%),137271.0
2024-12-17,BULLISH,CE,5851.680152893066,5850.0,85.0,105.33,92.69,-1264.0,120.0,-1384.0,False,STOP_LOSS (-12%),135887.0
2024-12-18,BULLISH,CE,5893.430152893066,5900.0,100.0,106.08,132.6,2651.9999999999995,120.0,2532.0,True,TARGET_HIT (+25%),138419.0
2024-12-19,BULLISH,CE,5837.485305786133,5850.0,85.0,105.07,115.58,1051.0000000000005,120.0,931.0,True,TRAILING_SL (+10%),139350.0
2024-12-20,BULLISH,CE,5799.909923553467,5800.0,80.0,104.4,114.84,1043.9999999999998,120.0,924.0,True,TRAILING_SL (+10%),140274.0
2024-12-24,BULLISH,CE,5853.349872589111,5850.0,100.0,105.36,131.7,2633.999999999999,120.0,2514.0,True,TARGET_HIT (+25%),142788.0
2024-12-27,BULLISH,CE,5895.099872589111,5900.0,100.0,106.11,132.64,2652.9999999999986,120.0,2533.0,True,TARGET_HIT (+25%),145321.0
2024-12-30,BULLISH,CE,5927.664821624756,5950.0,100.0,106.7,133.38,2667.999999999999,120.0,2548.0,True,TARGET_HIT (+25%),147869.0
2024-12-31,BULLISH,CE,5988.620101928711,6000.0,100.0,107.8,134.75,2695.0000000000005,120.0,2575.0,True,TARGET_HIT (+25%),150444.0
2025-01-02,BULLISH,CE,6106.3547706604,6100.0,100.0,109.91,137.39,2747.999999999999,120.0,2628.0,True,TARGET_HIT (+25%),153072.0
2025-01-03,BULLISH,CE,6175.659923553467,6200.0,100.0,111.16,138.95,2778.999999999999,120.0,2659.0,True,TARGET_HIT (+25%),155731.0
2025-01-06,BULLISH,CE,6142.259796142578,6150.0,85.0,110.56,97.29,-1326.9999999999995,120.0,-1447.0,False,STOP_LOSS (-12%),154284.0
2025-01-07,BULLISH,CE,6199.875,6200.0,100.0,111.6,139.5,2790.0000000000005,120.0,2670.0,True,TARGET_HIT (+25%),156954.0
2025-01-08,BULLISH,CE,6122.219974517822,6100.0,85.0,110.2,96.98,-1322.0,120.0,-1442.0,False,STOP_LOSS (-12%),155512.0
2025-01-09,BULLISH,CE,6172.319847106934,6150.0,100.0,111.1,138.88,2778.0,120.0,2658.0,True,TARGET_HIT (+25%),158170.0
2025-01-10,BULLISH,CE,6393.594974517822,6400.0,100.0,115.08,143.85,2876.9999999999995,120.0,2757.0,True,TARGET_HIT (+25%),160927.0
2025-01-13,BULLISH,CE,6581.469974517822,6600.0,100.0,118.47,148.09,2962.0000000000005,120.0,2842.0,True,TARGET_HIT (+25%),163769.0
2025-01-14,BULLISH,CE,6471.25,6450.0,85.0,116.48,102.5,-1398.0000000000005,120.0,-1518.0,False,STOP_LOSS (-12%),162251.0
2025-01-15,BULLISH,CE,6683.340076446533,6700.0,100.0,120.3,150.38,3008.0,120.0,2888.0,True,TARGET_HIT (+25%),165139.0
2025-01-16,BULLISH,CE,6569.780025482178,6550.0,85.0,118.26,104.07,-1419.0000000000011,120.0,-1539.0,False,STOP_LOSS (-12%),163600.0
2025-01-17,BULLISH,CE,6502.9797706604,6500.0,85.0,117.05,103.0,-1404.9999999999998,120.0,-1525.0,False,STOP_LOSS (-12%),162075.0
2025-01-21,BULLISH,CE,6336.8149490356445,6350.0,85.0,114.06,100.37,-1368.9999999999998,120.0,-1489.0,False,STOP_LOSS (-12%),160586.0
2025-02-11,BULLISH,CE,6122.219974517822,6100.0,100.0,110.2,137.75,2754.9999999999995,120.0,2635.0,True,TARGET_HIT (+25%),163221.0
2025-02-19,BULLISH,CE,6032.875,6050.0,80.0,108.59,135.74,2715.0000000000005,120.0,2595.0,True,TARGET_HIT (+25%),165816.0
2025-02-20,BULLISH,CE,6059.594974517822,6050.0,100.0,109.07,136.34,2727.000000000001,120.0,2607.0,True,TARGET_HIT (+25%),168423.0
2025-03-20,BULLISH,CE,5699.710178375244,5700.0,100.0,102.59,128.24,2565.0000000000005,120.0,2445.0,True,TARGET_HIT (+25%),170868.0
2025-03-21,BULLISH,CE,5701.379898071289,5700.0,85.0,102.62,112.88,1025.999999999999,120.0,906.0,True,TRAILING_SL (+10%),171774.0
2025-03-24,BULLISH,CE,5770.6850509643555,5750.0,100.0,103.87,129.84,2597.0,120.0,2477.0,True,TARGET_HIT (+25%),174251.0
2025-03-25,BULLISH,CE,5761.5,5750.0,85.0,103.71,114.08,1037.0000000000005,120.0,917.0,True,TRAILING_SL (+10%),175168.0
2025-03-26,BULLISH,CE,5815.775127410889,5800.0,100.0,104.68,130.85,2616.9999999999986,120.0,2497.0,True,TARGET_HIT (+25%),177665.0
2025-03-27,BULLISH,CE,5838.319847106934,5850.0,85.0,105.09,115.6,1050.999999999999,120.0,931.0,True,TRAILING_SL (+10%),178596.0
2025-03-28,BULLISH,CE,5791.5600509643555,5800.0,85.0,104.25,91.74,-1251.0000000000005,120.0,-1371.0,False,STOP_LOSS (-12%),177225.0
2025-03-31,BULLISH,CE,5968.580280303955,5950.0,100.0,107.43,134.29,2685.9999999999986,120.0,2566.0,True,TARGET_HIT (+25%),179791.0
2025-04-01,BULLISH,CE,5945.199745178223,5950.0,85.0,107.01,117.71,1069.9999999999989,120.0,950.0,True,TRAILING_SL (+10%),180741.0
2025-04-02,BULLISH,CE,5987.784923553467,6000.0,100.0,107.78,134.72,2694.0,120.0,2574.0,True,TARGET_HIT (+25%),183315.0
2025-04-03,BEARISH,PE,5590.324745178223,5600.0,100.0,100.63,125.79,2516.000000000001,120.0,2396.0,True,TARGET_HIT (+25%),185711.0
2025-04-04,BEARISH,PE,5176.1651401519775,5200.0,100.0,93.17,116.46,2328.999999999999,120.0,2209.0,True,TARGET_HIT (+25%),187920.0
2025-04-07,BEARISH,PE,5068.450063705444,5050.0,100.0,91.23,114.04,2281.0,120.0,2161.0,True,TARGET_HIT (+25%),190081.0
2025-04-08,BEARISH,PE,4974.930152893066,4950.0,100.0,89.55,111.94,2239.0,120.0,2119.0,True,TARGET_HIT (+25%),192200.0
2025-04-09,BEARISH,PE,5206.224872589111,5200.0,85.0,93.71,82.46,-1125.0,120.0,-1245.0,False,STOP_LOSS (-12%),190955.0
2025-04-10,BEARISH,PE,5015.844974517822,5000.0,100.0,90.29,112.86,2256.999999999999,120.0,2137.0,True,TARGET_HIT (+25%),193092.0
2025-04-11,BEARISH,PE,5135.25,5150.0,85.0,92.43,81.34,-1109.0000000000005,120.0,-1229.0,False,STOP_LOSS (-12%),191863.0
2025-04-14,BEARISH,PE,5137.754898071289,5150.0,100.0,92.48,101.73,925.0,120.0,805.0,True,TRAILING_SL (+10%),192668.0
2025-04-15,BEARISH,PE,5121.055152893066,5100.0,100.0,92.18,115.22,2303.999999999999,120.0,2184.0,True,TARGET_HIT (+25%),194852.0
2025-04-16,BEARISH,PE,5216.245101928711,5200.0,85.0,93.89,82.62,-1126.9999999999995,120.0,-1247.0,False,STOP_LOSS (-12%),193605.0
2025-04-29,BEARISH,PE,5045.069847106934,5050.0,100.0,90.81,113.51,2270.0000000000005,120.0,2150.0,True,TARGET_HIT (+25%),195755.0
2025-04-30,BEARISH,PE,4860.534923553467,4850.0,100.0,87.49,109.36,2187.0000000000005,120.0,2067.0,True,TARGET_HIT (+25%),197822.0
2025-05-01,BEARISH,PE,4946.5401401519775,4950.0,85.0,89.04,78.36,-1068.0000000000007,120.0,-1188.0,False,STOP_LOSS (-12%),196634.0
2025-05-02,BEARISH,PE,4867.215076446533,4850.0,100.0,87.61,109.51,2190.0000000000005,120.0,2070.0,True,TARGET_HIT (+25%),198704.0
2025-05-05,BEARISH,PE,4770.355089187622,4750.0,85.0,85.87,75.57,-1030.0000000000011,120.0,-1150.0,False,STOP_LOSS (-12%),197554.0
2025-05-06,BEARISH,PE,4934.015012741089,4950.0,85.0,88.81,78.15,-1065.9999999999995,120.0,-1186.0,False,STOP_LOSS (-12%),196368.0
2025-05-07,BEARISH,PE,4848.844974517822,4850.0,100.0,87.28,109.1,2181.999999999999,120.0,2062.0,True,TARGET_HIT (+25%),198430.0
2025-05-08,BEARISH,PE,5002.484987258911,5000.0,85.0,90.04,79.24,-1080.0000000000011,120.0,-1200.0,False,STOP_LOSS (-12%),197230.0
2025-05-27,BEARISH,PE,5084.3149490356445,5100.0,100.0,91.52,114.4,2288.000000000001,120.0,2168.0,True,TARGET_HIT (+25%),199398.0
2025-05-29,BEARISH,PE,5088.4898853302,5100.0,100.0,91.59,114.49,2289.999999999999,120.0,2170.0,True,TARGET_HIT (+25%),201568.0
2025-05-30,BEARISH,PE,5075.965076446533,5100.0,100.0,91.37,100.51,914.0,120.0,794.0,True,TRAILING_SL (+10%),202362.0
2025-06-23,BEARISH,PE,5720.585178375244,5700.0,80.0,102.97,128.71,2574.000000000001,120.0,2454.0,True,TARGET_HIT (+25%),204816.0
2025-06-24,BEARISH,PE,5374.8952293396,5350.0,100.0,96.75,120.94,2419.0,120.0,2299.0,True,TARGET_HIT (+25%),207115.0
2025-06-25,BEARISH,PE,5420.819847106934,5400.0,100.0,97.57,107.33,976.0000000000005,120.0,856.0,True,TRAILING_SL (+10%),207971.0
2025-06-26,BEARISH,PE,5447.539821624756,5450.0,85.0,98.06,107.87,981.0000000000002,120.0,861.0,True,TRAILING_SL (+10%),208832.0
2025-06-27,BEARISH,PE,5470.919719696045,5450.0,85.0,98.48,108.33,984.9999999999994,120.0,865.0,True,TRAILING_SL (+10%),209697.0
2025-06-30,BEARISH,PE,5436.6850509643555,5450.0,85.0,97.86,107.65,979.0000000000007,120.0,859.0,True,TRAILING_SL (+10%),210556.0
2025-07-01,BEARISH,PE,5465.074745178223,5450.0,85.0,98.37,86.57,-1180.0000000000011,120.0,-1300.0,False,STOP_LOSS (-12%),209256.0
2025-07-03,BEARISH,PE,5594.5,5600.0,80.0,100.7,125.88,2517.999999999999,120.0,2398.0,True,TARGET_HIT (+25%),211654.0
2025-07-04,BEARISH,PE,5552.75,5550.0,100.0,99.95,124.94,2498.9999999999995,120.0,2379.0,True,TARGET_HIT (+25%),214033.0
2025-07-10,BEARISH,PE,5558.594974517822,5550.0,100.0,100.05,125.06,2501.0000000000005,120.0,2381.0,True,TARGET_HIT (+25%),216414.0
2025-07-15,BEARISH,PE,5554.419719696045,5550.0,100.0,99.98,124.98,2500.0,120.0,2380.0,True,TARGET_HIT (+25%),218794.0
2025-07-16,BEARISH,PE,5542.7297706604,5550.0,100.0,99.77,124.71,2494.0,120.0,2374.0,True,TARGET_HIT (+25%),221168.0
2025-07-21,BEARISH,PE,5611.199745178223,5600.0,80.0,101.0,111.1,1009.9999999999994,120.0,890.0,True,TRAILING_SL (+10%),222058.0
2025-07-22,BEARISH,PE,5528.534923553467,5550.0,100.0,99.51,124.39,2487.9999999999995,120.0,2368.0,True,TARGET_HIT (+25%),224426.0
2025-07-23,BEARISH,PE,5448.375,5450.0,100.0,98.07,107.88,981.0000000000002,120.0,861.0,True,TRAILING_SL (+10%),225287.0
2025-07-24,BEARISH,PE,5513.504898071289,5500.0,85.0,99.24,87.33,-1190.9999999999995,120.0,-1311.0,False,STOP_LOSS (-12%),223976.0
2025-07-25,BEARISH,PE,5440.860305786133,5450.0,100.0,97.94,122.42,2448.0000000000005,120.0,2328.0,True,TARGET_HIT (+25%),226304.0
2025-08-04,BEARISH,PE,5535.215076446533,5550.0,100.0,99.63,124.54,2491.000000000001,120.0,2371.0,True,TARGET_HIT (+25%),228675.0
2025-08-05,BEARISH,PE,5440.860305786133,5450.0,100.0,97.94,122.42,2448.0000000000005,120.0,2328.0,True,TARGET_HIT (+25%),231003.0
2025-08-06,BEARISH,PE,5373.224872589111,5350.0,100.0,96.72,120.9,2418.000000000001,120.0,2298.0,True,TARGET_HIT (+25%),233301.0
2025-08-07,BEARISH,PE,5333.980089187622,5350.0,100.0,96.01,120.01,2400.0,120.0,2280.0,True,TARGET_HIT (+25%),235581.0
2025-08-08,BEARISH,PE,5333.980089187622,5350.0,85.0,96.01,105.61,959.9999999999994,120.0,840.0,True,TRAILING_SL (+10%),236421.0
2025-08-11,BEARISH,PE,5340.659923553467,5350.0,85.0,96.13,84.59,-1153.999999999999,120.0,-1274.0,False,STOP_LOSS (-12%),235147.0
2025-08-12,BEARISH,PE,5274.694847106934,5250.0,100.0,94.94,118.68,2374.000000000001,120.0,2254.0,True,TARGET_HIT (+25%),237401.0
2025-08-13,BEARISH,PE,5231.275127410889,5250.0,100.0,94.16,117.7,2354.0000000000005,120.0,2234.0,True,TARGET_HIT (+25%),239635.0
2025-08-14,BEARISH,PE,5340.659923553467,5350.0,85.0,96.13,84.59,-1153.999999999999,120.0,-1274.0,False,STOP_LOSS (-12%),238361.0
2025-08-15,BEARISH,PE,5243.799936294556,5250.0,100.0,94.39,117.99,2359.9999999999995,120.0,2240.0,True,TARGET_HIT (+25%),240601.0
2025-08-18,BEARISH,PE,5295.569847106934,5300.0,85.0,95.32,83.88,-1143.9999999999998,120.0,-1264.0,False,STOP_LOSS (-12%),239337.0
2025-08-19,BEARISH,PE,5206.224872589111,5200.0,100.0,93.71,117.14,2343.000000000001,120.0,2223.0,True,TARGET_HIT (+25%),241560.0
2025-08-20,BEARISH,PE,5278.034923553467,5300.0,85.0,95.0,83.6,-1140.0000000000005,120.0,-1260.0,False,STOP_LOSS (-12%),240300.0
2025-08-21,BEARISH,PE,5303.920038223267,5300.0,85.0,95.47,84.01,-1145.9999999999993,120.0,-1266.0,False,STOP_LOSS (-12%),239034.0
2025-08-22,BEARISH,PE,5315.609987258911,5300.0,85.0,95.68,105.25,956.9999999999993,120.0,837.0,True,TRAILING_SL (+10%),239871.0
2025-08-26,BEARISH,PE,5281.375,5300.0,100.0,95.06,118.82,2375.999999999999,120.0,2256.0,True,TARGET_HIT (+25%),242127.0
2025-09-04,BEARISH,PE,5300.579961776733,5300.0,100.0,95.41,119.26,2385.000000000001,120.0,2265.0,True,TARGET_HIT (+25%),244392.0
2025-09-05,BEARISH,PE,5166.144910812378,5150.0,100.0,92.99,116.24,2325.0,120.0,2205.0,True,TARGET_HIT (+25%),246597.0
2025-09-08,BEARISH,PE,5198.7098598480225,5200.0,85.0,93.58,102.94,936.0,120.0,816.0,True,TRAILING_SL (+10%),247413.0
2025-09-09,BEARISH,PE,5229.605089187622,5250.0,85.0,94.13,103.54,941.0000000000011,120.0,821.0,True,TRAILING_SL (+10%),248234.0
2025-09-11,BEARISH,PE,5207.894910812378,5200.0,100.0,93.74,117.18,2344.0000000000014,120.0,2224.0,True,TARGET_HIT (+25%),250458.0
2025-09-12,BEARISH,PE,5234.6148853302,5250.0,85.0,94.22,82.91,-1131.0000000000002,120.0,-1251.0,False,STOP_LOSS (-12%),249207.0
2025-09-15,BEARISH,PE,5285.549936294556,5300.0,85.0,95.14,83.72,-1142.0000000000002,120.0,-1262.0,False,STOP_LOSS (-12%),247945.0
2025-09-19,BEARISH,PE,5233.780025482178,5250.0,100.0,94.21,117.76,2355.000000000001,120.0,2235.0,True,TARGET_HIT (+25%),250180.0
2025-09-22,BEARISH,PE,5230.4399490356445,5250.0,100.0,94.15,103.57,941.9999999999987,120.0,822.0,True,TRAILING_SL (+10%),251002.0
2025-09-29,BEARISH,PE,5298.075063705444,5300.0,100.0,95.37,119.21,2383.999999999999,120.0,2264.0,True,TARGET_HIT (+25%),253266.0
2025-09-30,BEARISH,PE,5207.894910812378,5200.0,100.0,93.74,117.18,2344.0000000000014,120.0,2224.0,True,TARGET_HIT (+25%),255490.0
2025-10-01,BEARISH,PE,5158.629898071289,5150.0,100.0,92.86,116.08,2322.0,120.0,2202.0,True,TARGET_HIT (+25%),257692.0
2025-10-02,BEARISH,PE,5050.079961776733,5050.0,100.0,90.9,113.62,2272.0,120.0,2152.0,True,TARGET_HIT (+25%),259844.0
2025-10-03,BEARISH,PE,5083.480089187622,5100.0,85.0,91.5,100.65,915.0000000000006,120.0,795.0,True,TRAILING_SL (+10%),260639.0
2025-10-06,BEARISH,PE,5151.1148853302,5150.0,85.0,92.72,81.59,-1112.9999999999995,120.0,-1233.0,False,STOP_LOSS (-12%),259406.0
2025-10-07,BEARISH,PE,5154.454961776733,5150.0,85.0,92.78,102.06,928.0000000000001,120.0,808.0,True,TRAILING_SL (+10%),260214.0
2025-10-08,BEARISH,PE,5222.924936294556,5200.0,85.0,94.01,82.73,-1128.0,120.0,-1248.0,False,STOP_LOSS (-12%),258966.0
2025-10-09,BEARISH,PE,5136.0848598480225,5150.0,100.0,92.45,115.56,2311.0,120.0,2191.0,True,TARGET_HIT (+25%),261157.0
2025-10-10,BEARISH,PE,4918.150127410889,4900.0,100.0,88.53,110.66,2212.9999999999995,120.0,2093.0,True,TARGET_HIT (+25%),263250.0
2025-10-13,BEARISH,PE,4967.4151401519775,4950.0,85.0,89.41,78.68,-1072.999999999999,120.0,-1193.0,False,STOP_LOSS (-12%),262057.0
2025-10-14,BEARISH,PE,4901.450063705444,4900.0,100.0,88.23,110.29,2206.0,120.0,2086.0,True,TARGET_HIT (+25%),264143.0
2025-10-15,BEARISH,PE,4865.545038223267,4850.0,100.0,87.58,109.48,2190.0000000000005,120.0,2070.0,True,TARGET_HIT (+25%),266213.0
2025-10-16,BEARISH,PE,4797.909923553467,4800.0,100.0,86.36,107.95,2159.0000000000005,120.0,2039.0,True,TARGET_HIT (+25%),268252.0
2025-10-17,BEARISH,PE,4804.590076446533,4800.0,85.0,86.48,95.13,864.9999999999991,120.0,745.0,True,TRAILING_SL (+10%),268997.0
2025-10-20,BEARISH,PE,4802.920038223267,4800.0,100.0,86.45,95.1,864.9999999999991,120.0,745.0,True,TRAILING_SL (+10%),269742.0
2025-10-21,BEARISH,PE,4827.969974517822,4850.0,85.0,86.9,76.47,-1043.0000000000007,120.0,-1163.0,False,STOP_LOSS (-12%),268579.0
2025-10-22,BEARISH,PE,4884.75,4900.0,85.0,87.93,77.38,-1055.0000000000011,120.0,-1175.0,False,STOP_LOSS (-12%),267404.0
2025-11-05,BEARISH,PE,4976.599872589111,5000.0,100.0,89.58,111.98,2240.0000000000005,120.0,2120.0,True,TARGET_HIT (+25%),269524.0
2025-11-06,BEARISH,PE,4962.405025482178,4950.0,100.0,89.32,111.65,2233.0000000000014,120.0,2113.0,True,TARGET_HIT (+25%),271637.0
2025-11-07,BEARISH,PE,4989.125,5000.0,85.0,89.8,98.78,898.0000000000005,120.0,778.0,True,TRAILING_SL (+10%),272415.0
2025-11-10,BEARISH,PE,5020.855089187622,5000.0,85.0,90.38,99.42,904.0000000000007,120.0,784.0,True,TRAILING_SL (+10%),273199.0
2025-11-12,BEARISH,PE,4883.9151401519775,4900.0,100.0,87.91,109.89,2198.0000000000005,120.0,2078.0,True,TARGET_HIT (+25%),275277.0
2025-11-13,BEARISH,PE,4900.6148853302,4900.0,85.0,88.21,97.03,882.0000000000007,120.0,762.0,True,TRAILING_SL (+10%),276039.0
2025-11-17,BEARISH,PE,5002.484987258911,5000.0,85.0,90.04,99.04,900.0,120.0,780.0,True,TRAILING_SL (+10%),276819.0
2025-11-19,BEARISH,PE,4963.2398853302,4950.0,100.0,89.34,111.68,2234.0000000000005,120.0,2114.0,True,TARGET_HIT (+25%),278933.0
2025-11-20,BEARISH,PE,4938.1899490356445,4950.0,100.0,88.89,111.11,2222.0,120.0,2102.0,True,TARGET_HIT (+25%),281035.0
2025-11-21,BEARISH,PE,4848.0101146698,4850.0,100.0,87.26,109.08,2181.999999999999,120.0,2062.0,True,TARGET_HIT (+25%),283097.0
2025-11-24,BEARISH,PE,4913.140012741089,4900.0,85.0,88.44,77.83,-1061.0,120.0,-1181.0,False,STOP_LOSS (-12%),281916.0
2025-11-25,BEARISH,PE,4838.825063705444,4850.0,100.0,87.1,108.88,2178.0,120.0,2058.0,True,TARGET_HIT (+25%),283974.0
2025-11-26,BEARISH,PE,4897.275127410889,4900.0,85.0,88.15,77.57,-1058.0000000000014,120.0,-1178.0,False,STOP_LOSS (-12%),282796.0
2025-11-28,BEARISH,PE,4888.924936294556,4900.0,85.0,88.0,96.8,879.9999999999998,120.0,760.0,True,TRAILING_SL (+10%),283556.0
2025-12-02,BEARISH,PE,4896.4399490356445,4900.0,100.0,88.14,110.18,2204.0000000000005,120.0,2084.0,True,TARGET_HIT (+25%),285640.0
2025-12-08,BEARISH,PE,4916.480089187622,4900.0,100.0,88.5,110.62,2212.0000000000005,120.0,2092.0,True,TARGET_HIT (+25%),287732.0
2025-12-09,BEARISH,PE,4863.875,4850.0,100.0,87.55,109.44,2189.0,120.0,2069.0,True,TARGET_HIT (+25%),289801.0
2025-12-10,BEARISH,PE,4881.409923553467,4900.0,85.0,87.87,96.66,878.9999999999992,120.0,759.0,True,TRAILING_SL (+10%),290560.0
2025-12-11,BEARISH,PE,4809.599872589111,4800.0,100.0,86.57,108.21,2164.0,120.0,2044.0,True,TARGET_HIT (+25%),292604.0
2025-12-12,BEARISH,PE,4796.2398853302,4800.0,100.0,86.33,107.91,2158.0,120.0,2038.0,True,TARGET_HIT (+25%),294642.0
2025-12-15,BEARISH,PE,4744.469974517822,4750.0,100.0,85.4,106.75,2134.9999999999995,120.0,2015.0,True,TARGET_HIT (+25%),296657.0
2025-12-16,BEARISH,PE,4615.045038223267,4600.0,100.0,83.07,103.84,2077.000000000001,120.0,1957.0,True,TARGET_HIT (+25%),298614.0
2025-12-17,BEARISH,PE,4670.9898853302,4650.0,85.0,84.08,73.99,-1009.0000000000003,120.0,-1129.0,False,STOP_LOSS (-12%),297485.0
2025-12-18,BEARISH,PE,4688.525127410889,4700.0,100.0,84.39,105.49,2109.9999999999995,120.0,1990.0,True,TARGET_HIT (+25%),299475.0
2025-12-19,BEARISH,PE,4731.109987258911,4750.0,85.0,85.16,74.94,-1021.9999999999999,120.0,-1142.0,False,STOP_LOSS (-12%),298333.0
2025-12-26,BEARISH,PE,4737.7901401519775,4750.0,100.0,85.28,106.6,2131.999999999999,120.0,2012.0,True,TARGET_HIT (+25%),300345.0
2026-01-06,BEARISH,PE,4770.355089187622,4750.0,100.0,85.87,107.34,2147.0,120.0,2027.0,True,TARGET_HIT (+25%),302372.0
2026-01-07,BEARISH,PE,4675.1651401519775,4700.0,100.0,84.15,105.19,2103.999999999999,120.0,1984.0,True,TARGET_HIT (+25%),304356.0
2026-02-12,BEARISH,PE,5247.140012741089,5250.0,80.0,94.45,118.06,2361.0,120.0,2241.0,True,TARGET_HIT (+25%),306597.0
2026-02-13,BEARISH,PE,5251.3149490356445,5250.0,80.0,94.52,103.97,945.0000000000002,120.0,825.0,True,TRAILING_SL (+10%),307422.0
2026-02-17,BEARISH,PE,5204.555152893066,5200.0,100.0,93.68,117.1,2341.9999999999986,120.0,2222.0,True,TARGET_HIT (+25%),309644.0
2026-03-23,BEARISH,PE,7358.8547706604,7350.0,80.0,132.46,165.58,3312.0000000000005,120.0,3192.0,True,TARGET_HIT (+25%),312836.0
2026-04-08,BEARISH,PE,7883.235305786133,7900.0,100.0,141.9,177.38,3547.999999999999,120.0,3428.0,True,TARGET_HIT (+25%),316264.0
2026-04-10,BEARISH,PE,8063.594974517822,8050.0,100.0,145.14,181.42,3628.0,120.0,3508.0,True,TARGET_HIT (+25%),319772.0
2026-04-13,BEARISH,PE,8273.180152893066,8250.0,80.0,148.92,186.15,3723.000000000002,120.0,3603.0,True,TARGET_HIT (+25%),323375.0
2026-04-14,BEARISH,PE,7621.879898071289,7600.0,100.0,137.19,171.49,3430.000000000001,120.0,3310.0,True,TARGET_HIT (+25%),326685.0
2026-04-15,BEARISH,PE,7622.715076446533,7600.0,100.0,137.21,171.51,3429.999999999998,120.0,3310.0,True,TARGET_HIT (+25%),329995.0
2026-04-16,BEARISH,PE,7906.615203857422,7900.0,85.0,142.32,125.24,-1707.9999999999998,120.0,-1828.0,False,STOP_LOSS (-12%),328167.0
2026-04-17,BEARISH,PE,7001.474872589111,7000.0,100.0,126.03,157.54,3150.999999999999,120.0,3031.0,True,TARGET_HIT (+25%),331198.0
2026-04-20,BEARISH,PE,7482.4350509643555,7500.0,85.0,134.68,118.52,-1616.0000000000011,120.0,-1736.0,False,STOP_LOSS (-12%),329462.0
2026-04-21,BEARISH,PE,7692.8547706604,7700.0,85.0,138.47,121.85,-1662.0000000000005,120.0,-1782.0,False,STOP_LOSS (-12%),327680.0
2026-04-22,BEARISH,PE,7762.159923553467,7750.0,85.0,139.72,122.95,-1676.9999999999995,120.0,-1797.0,False,STOP_LOSS (-12%),325883.0
2026-04-24,BEARISH,PE,7882.400127410889,7900.0,80.0,141.88,177.35,3547.0,120.0,3427.0,True,TARGET_HIT (+25%),329310.0
2026-05-06,BEARISH,PE,7939.180152893066,7950.0,100.0,142.91,178.64,3572.999999999999,120.0,3453.0,True,TARGET_HIT (+25%),332763.0
2026-05-07,BEARISH,PE,7916.634796142578,7900.0,100.0,142.5,178.12,3562.0000000000005,120.0,3442.0,True,TARGET_HIT (+25%),336205.0
2026-05-08,BEARISH,PE,7967.569847106934,7950.0,100.0,143.42,179.27,3585.0000000000023,120.0,3465.0,True,TARGET_HIT (+25%),339670.0
2026-05-11,BEARISH,PE,8188.844974517822,8200.0,80.0,147.4,162.14,1473.9999999999982,120.0,1354.0,True,TRAILING_SL (+10%),341024.0
2026-05-20,BEARISH,PE,8204.710178375244,8200.0,100.0,147.68,184.6,3691.9999999999986,120.0,3572.0,True,TARGET_HIT (+25%),344596.0
2026-05-21,BEARISH,PE,8045.224872589111,8050.0,100.0,144.81,181.01,3619.999999999999,120.0,3500.0,True,TARGET_HIT (+25%),348096.0
2026-05-22,BEARISH,PE,8066.099872589111,8050.0,100.0,145.19,181.49,3630.000000000001,120.0,3510.0,True,TARGET_HIT (+25%),351606.0
2026-05-26,BEARISH,PE,7839.8149490356445,7850.0,85.0,141.12,155.23,1410.9999999999986,120.0,1291.0,True,TRAILING_SL (+10%),352897.0
2026-05-27,BEARISH,PE,7404.780025482178,7400.0,100.0,133.29,166.61,3332.0000000000023,120.0,3212.0,True,TARGET_HIT (+25%),356109.0
2026-05-28,BEARISH,PE,7423.150127410889,7400.0,100.0,133.62,146.98,1335.9999999999986,120.0,1216.0,True,TRAILING_SL (+10%),357325.0
2026-05-29,BEARISH,PE,7294.5600509643555,7300.0,100.0,131.3,164.12,3281.999999999999,120.0,3162.0,True,TARGET_HIT (+25%),360487.0
2026-06-01,BEARISH,PE,7695.360305786133,7700.0,85.0,138.52,121.9,-1662.0000000000005,120.0,-1782.0,False,STOP_LOSS (-12%),358705.0
2026-06-02,BEARISH,PE,7828.960178375244,7850.0,85.0,140.92,124.01,-1690.9999999999982,120.0,-1811.0,False,STOP_LOSS (-12%),356894.0
2026-06-04,BEARISH,PE,7768.840076446533,7750.0,100.0,139.84,174.8,3496.000000000001,120.0,3376.0,True,TARGET_HIT (+25%),360270.0
2026-06-05,BEARISH,PE,7560.090076446533,7550.0,100.0,136.08,170.1,3401.999999999998,120.0,3282.0,True,TARGET_HIT (+25%),363552.0
2026-06-08,BEARISH,PE,7623.550254821777,7600.0,100.0,137.22,171.52,3430.000000000001,120.0,3310.0,True,TARGET_HIT (+25%),366862.0
2026-06-09,BEARISH,PE,7364.699745178223,7350.0,100.0,132.56,165.7,3313.9999999999986,120.0,3194.0,True,TARGET_HIT (+25%),370056.0
2026-06-10,BEARISH,PE,7517.504898071289,7500.0,85.0,135.32,119.08,-1623.9999999999995,120.0,-1744.0,False,STOP_LOSS (-12%),368312.0
2026-06-11,BEARISH,PE,7323.784923553467,7300.0,100.0,131.83,164.79,3295.999999999998,120.0,3176.0,True,TARGET_HIT (+25%),371488.0
2026-06-12,BEARISH,PE,7087.4797706604,7100.0,100.0,127.57,159.46,3189.0000000000014,120.0,3069.0,True,TARGET_HIT (+25%),374557.0
2026-06-15,BEARISH,PE,6742.625,6750.0,100.0,121.37,151.71,3034.0000000000005,120.0,2914.0,True,TARGET_HIT (+25%),377471.0
2026-06-16,BEARISH,PE,6350.175254821777,6350.0,100.0,114.3,142.88,2858.0,120.0,2738.0,True,TARGET_HIT (+25%),380209.0
2026-06-17,BEARISH,PE,6411.965076446533,6400.0,85.0,115.42,126.96,1153.999999999999,120.0,1034.0,True,TRAILING_SL (+10%),381243.0
2026-06-18,BEARISH,PE,6396.099872589111,6400.0,85.0,115.13,101.31,-1381.9999999999993,120.0,-1502.0,False,STOP_LOSS (-12%),379741.0
2026-06-22,BEARISH,PE,6247.469974517822,6250.0,100.0,112.45,140.56,2811.0,120.0,2691.0,True,TARGET_HIT (+25%),382432.0
2026-06-23,BEARISH,PE,6113.034923553467,6100.0,100.0,110.03,137.54,2750.999999999999,120.0,2631.0,True,TARGET_HIT (+25%),385063.0
2026-06-24,BEARISH,PE,5873.389694213867,5850.0,100.0,105.72,132.15,2643.000000000001,120.0,2523.0,True,TARGET_HIT (+25%),387586.0
2026-06-25,BEARISH,PE,6005.319847106934,6000.0,85.0,108.1,95.13,-1297.0,120.0,-1417.0,False,STOP_LOSS (-12%),386169.0
2026-06-26,BEARISH,PE,5780.705280303955,5800.0,100.0,104.05,130.06,2601.0000000000005,120.0,2481.0,True,TARGET_HIT (+25%),388650.0
2026-06-29,BEARISH,PE,5907.625,5900.0,85.0,106.34,116.97,1062.9999999999995,120.0,943.0,True,TRAILING_SL (+10%),389593.0
2026-06-30,BEARISH,PE,5803.25,5800.0,100.0,104.46,130.57,2611.0,120.0,2491.0,True,TARGET_HIT (+25%),392084.0
2026-07-01,BEARISH,PE,5726.430152893066,5750.0,100.0,103.08,128.85,2576.9999999999995,120.0,2457.0,True,TARGET_HIT (+25%),394541.0
2026-07-02,BEARISH,PE,5735.615203857422,5750.0,85.0,103.24,90.85,-1239.0,120.0,-1359.0,False,STOP_LOSS (-12%),393182.0
2026-07-06,BEARISH,PE,5723.925254821777,5700.0,100.0,103.03,113.33,1029.9999999999998,120.0,910.0,True,TRAILING_SL (+10%),394092.0
2026-07-07,BEARISH,PE,5881.740203857422,5900.0,85.0,105.87,93.17,-1270.0000000000002,120.0,-1390.0,False,STOP_LOSS (-12%),392702.0
2026-07-10,BEARISH,PE,5962.735305786133,5950.0,100.0,107.33,134.16,2683.0,120.0,2563.0,True,TARGET_HIT (+25%),395265.0
2026-07-28,BEARISH,PE,6618.210178375244,6600.0,100.0,119.13,148.91,2978.0,120.0,2858.0,True,TARGET_HIT (+25%),398123.0
2026-08-03,BEARISH,PE,6708.389694213867,6700.0,85.0,120.75,132.83,1208.0000000000014,120.0,1088.0,True,TRAILING_SL (+10%),399211.0
2026-08-04,BEARISH,PE,6326.794719696045,6350.0,100.0,113.88,142.35,2847.0,120.0,2727.0,True,TARGET_HIT (+25%),401938.0
2026-08-05,BEARISH,PE,6280.870101928711,6300.0,85.0,113.06,124.37,1131.0000000000002,120.0,1011.0,True,TRAILING_SL (+10%),402949.0
2026-08-06,BEARISH,PE,6453.715076446533,6450.0,85.0,116.17,102.23,-1393.9999999999998,120.0,-1514.0,False,STOP_LOSS (-12%),401435.0
2026-08-07,BEARISH,PE,6528.030025482178,6550.0,85.0,117.5,129.25,1175.0,120.0,1055.0,True,TRAILING_SL (+10%),402490.0
2026-08-11,BEARISH,PE,6814.4350509643555,6800.0,80.0,122.66,153.32,3065.9999999999995,120.0,2946.0,True,TARGET_HIT (+25%),405436.0
